"cust_id","first_name","last_name","email","country","city","created_dt","segment_cd"
C-10001,Ben,Sato,ben.sato1@example.com,IN,Pune,2022-02-02,B
C-10002,Chloe,Yilmaz,chloe.yilmaz2@example.com,KR,Busan,2023-03-03,C
C-10003,Dev,Okafor,dev.okafor3@example.com,NO,Bergen,2024-04-04,A
C-10004,Elif,Costa,elif.costa4@example.com,FR,Lyon,2025-05-05,B
C-10005,Farid,Haddad,farid.haddad5@example.com,AE,Dubai,2021-06-06,A
C-10006,Grace,Martin,grace.martin6@example.com,BR,Recife,2022-07-07,A
C-10007,Hiro,Berg,hiro.berg7@example.com,NG,Lagos,2023-08-08,A
C-10008,Ines,Kim,ines.kim8@example.com,TR,Izmir,2024-09-09,C
C-10009,Jonas,Rao,,JP,Osaka,2025-10-10,C
C-10010,Ana,Silva,ana.silva10@example.com,PT,Lisbon,2021-11-11,B
C-10011,Ben,Sato,ben.sato11@example.com,IN,Pune,2022-12-12,C
C-10012,Chloe,Yilmaz,chloe.yilmaz12@example.com,KR,Busan,2023-01-13,A
C-10013,Dev,Okafor,dev.okafor13@example.com,NO,Bergen,2024-02-14,A
C-10014,Elif,Costa,elif.costa14@example.com,FR,Lyon,2025-03-15,C
C-10015,Farid,Haddad,farid.haddad15@example.com,AE,Dubai,2021-04-16,B
C-10016,Grace,Martin,grace.martin16@example.com,BR,Recife,2022-05-17,B
C-10017,Hiro,Berg,hiro.berg17@example.com,NG,Lagos,2023-06-18,B
C-10018,Ines,Kim,,TR,Izmir,2024-07-19,B
C-10019,Jonas,Rao,jonas.rao19@example.com,JP,Osaka,2025-08-20,B
C-10020,Ana,Silva,ana.silva20@example.com,PT,Lisbon,2021-09-21,B
C-10021,Ben,Sato,ben.sato21@example.com,IN,Pune,2022-10-22,A
C-10022,Chloe,Yilmaz,chloe.yilmaz22@example.com,KR,Busan,2023-11-23,B
C-10023,Dev,Okafor,dev.okafor23@example.com,NO,Bergen,2024-12-24,A
C-10024,Elif,Costa,elif.costa24@example.com,FR,Lyon,2025-01-25,A
C-10025,Farid,Haddad,farid.haddad25@example.com,AE,Dubai,2021-02-26,B
C-10026,Grace,Martin,grace.martin26@example.com,BR,Recife,2022-03-27,C
C-10027,Hiro,Berg,,NG,Lagos,2023-04-28,C
C-10028,Ines,Kim,ines.kim28@example.com,TR,Izmir,2024-05-01,A
C-10029,Jonas,Rao,jonas.rao29@example.com,JP,Osaka,2025-06-02,C
C-10030,Ana,Silva,ana.silva30@example.com,PT,Lisbon,2021-07-03,A
C-10031,Ben,Sato,ben.sato31@example.com,IN,Pune,2022-08-04,C
C-10032,Chloe,Yilmaz,chloe.yilmaz32@example.com,KR,Busan,2023-09-05,A
C-10033,Dev,Okafor,dev.okafor33@example.com,NO,Bergen,2024-10-06,B
C-10034,Elif,Costa,elif.costa34@example.com,FR,Lyon,2025-11-07,C
C-10035,Farid,Haddad,farid.haddad35@example.com,AE,Dubai,2021-12-08,C
C-10036,Grace,Martin,,BR,Recife,2022-01-09,A
C-10037,Hiro,Berg,hiro.berg37@example.com,NG,Lagos,2023-02-10,B
C-10038,Ines,Kim,ines.kim38@example.com,TR,Izmir,2024-03-11,C
C-10039,Jonas,Rao,jonas.rao39@example.com,JP,Osaka,2025-04-12,C
C-10040,Ana,Silva,ana.silva40@example.com,PT,Lisbon,2021-05-13,B
