"R_REASON_SK","R_REASON_ID","R_REASON_DESC"
1,"R000000000000001","The screen cracked after two days                                                                   "
2,"R000000000000002","Stopped working after a week                                                                        "
3,"R000000000000003","Arrived three weeks late and the box was crushed                                                    "
4,"R000000000000004","Runs small, ordered my usual size and it does not fit                                               "
5,"R000000000000005","Exactly as described, returning a duplicate gift                                                    "
6,"R000000000000006","Colour is nothing like the photo                                                                    "
7,"R000000000000007","Ordered the wrong item                                                                              "
8,"R000000000000008","Found a better price elsewhere                                                                      "
9,"R000000000000009","No longer needed                                                                                    "
10,"R000000000000010","Item missing parts                                                                                  "
11,"R000000000000011","Package was opened                                                                                  "
12,"R000000000000012","Did not match the description                                                                       "
13,"R000000000000013","Defective on arrival                                                                                "
14,"R000000000000014","Too large                                                                                           "
15,"R000000000000015","Too heavy to use                                                                                    "
16,"R000000000000016","Battery does not hold a charge                                                                      "
17,"R000000000000017","Wrong colour sent                                                                                   "
18,"R000000000000018","Duplicate order                                                                                     "
19,"R000000000000019","Gift that was not wanted                                                                            "
20,"R000000000000020","Quality lower than expected                                                                         "
21,"R000000000000021","Instructions missing                                                                                "
22,"R000000000000022","Incompatible with my device                                                                         "
23,"R000000000000023","Late delivery                                                                                       "
24,"R000000000000024","Damaged in transit                                                                                  "
25,"R000000000000025","Customer changed mind                                                                               "
26,"R000000000000026","Replaced by a newer model                                                                           "
27,"R000000000000027","Bought by mistake                                                                                   "
28,"R000000000000028","Seller sent a used item                                                                             "
29,"R000000000000029","Smell from the material                                                                             "
30,"R000000000000030","Noisy during use                                                                                    "
31,"R000000000000031","Stopped charging                                                                                    "
32,"R000000000000032","Missing accessories                                                                                 "
33,"R000000000000033","Size chart was wrong                                                                                "
34,"R000000000000034","Not as comfortable as expected                                                                      "
35,"R000000000000035","Other reason                                                                                        "
