"S_STORE_SK","S_STORE_ID","S_REC_START_DATE","S_REC_END_DATE","S_CLOSED_DATE_SK","S_STORE_NAME","S_NUMBER_EMPLOYEES","S_FLOOR_SPACE","S_HOURS","S_MANAGER","S_MARKET_ID","S_GEOGRAPHY_CLASS","S_MARKET_DESC","S_MARKET_MANAGER","S_DIVISION_ID","S_DIVISION_NAME","S_COMPANY_ID","S_COMPANY_NAME","S_STREET_NUMBER","S_STREET_NAME","S_STREET_TYPE","S_SUITE_NUMBER","S_CITY","S_COUNTY","S_STATE","S_ZIP","S_COUNTRY","S_GMT_OFFSET","S_TAX_PRECENTAGE"
1,AAAAAAAAAAABAAAA,2013-03-13,,,"able                                              ",210,5001000,"8AM-10PM            ","Manager 1-1                             ",2,"Unknown                                                                                             ","Market of store 1                                                                                   ","Market manager 2                        ",1,"Unknown                                           ",1,"Unknown                                           ","101       ","Main                                                        ","Street         ","Suite 100 ","Fairview                                                    ","Ziebach County                ","SD","35709     ","United States       ",-5,0.01
2,AAAAAAAAAAACAAAA,2013-03-13,2015-03-12,,"pri                                               ",220,5002000,"8AM-10PM            ","Manager 2-1                             ",3,"Unknown                                                                                             ","Market of store 2                                                                                   ","Market manager 3                        ",1,"Unknown                                           ",1,"Unknown                                           ","102       ","Main                                                        ","Street         ","Suite 100 ","Oak Grove                                                   ","Walker County                 ","AL","38370     ","United States       ",-5,0.01
3,AAAAAAAAAAACAAAA,2015-03-13,,,"ese                                               ",221,5002000,"8AM-10PM            ","Manager 2-2                             ",3,"Unknown                                                                                             ","Market of store 2                                                                                   ","Market manager 3                        ",1,"Unknown                                           ",1,"Unknown                                           ","102       ","Main                                                        ","Street         ","Suite 100 ","Oak Grove                                                   ","Walker County                 ","AL","38370     ","United States       ",-5,0.01
4,AAAAAAAAAAADAAAA,2013-03-13,2014-03-12,,"ese                                               ",230,5003000,"8AM-10PM            ","Manager 3-1                             ",4,"Unknown                                                                                             ","Market of store 3                                                                                   ","Market manager 4                        ",1,"Unknown                                           ",1,"Unknown                                           ","103       ","Main                                                        ","Street         ","Suite 100 ","Midway                                                      ","Williamson County             ","TN","31904     ","United States       ",-5,0.01
5,AAAAAAAAAAADAAAA,2014-03-13,2016-03-12,,"anti                                              ",231,5003000,"8AM-10PM            ","Manager 3-2                             ",4,"Unknown                                                                                             ","Market of store 3                                                                                   ","Market manager 4                        ",1,"Unknown                                           ",1,"Unknown                                           ","103       ","Main                                                        ","Street         ","Suite 100 ","Midway                                                      ","Williamson County             ","TN","31904     ","United States       ",-5,0.01
6,AAAAAAAAAAADAAAA,2016-03-13,,,"cally                                             ",232,5003000,"8AM-10PM            ","Manager 3-3                             ",4,"Unknown                                                                                             ","Market of store 3                                                                                   ","Market manager 4                        ",1,"Unknown                                           ",1,"Unknown                                           ","103       ","Main                                                        ","Street         ","Suite 100 ","Midway                                                      ","Williamson County             ","TN","31904     ","United States       ",-5,0.01
7,AAAAAAAAAAAEAAAA,2013-03-13,,,"anti                                              ",240,5004000,"8AM-10PM            ","Manager 4-1                             ",5,"Unknown                                                                                             ","Market of store 4                                                                                   ","Market manager 1                        ",1,"Unknown                                           ",1,"Unknown                                           ","104       ","Main                                                        ","Street         ","Suite 100 ","Fairview                                                    ","Ziebach County                ","SD","35709     ","United States       ",-5,0.01
8,AAAAAAAAAAAFAAAA,2013-03-13,2015-03-12,,"cally                                             ",250,5005000,"8AM-10PM            ","Manager 5-1                             ",6,"Unknown                                                                                             ","Market of store 5                                                                                   ","Market manager 2                        ",1,"Unknown                                           ",1,"Unknown                                           ","105       ","Main                                                        ","Street         ","Suite 100 ","Oak Grove                                                   ","Walker County                 ","AL","38370     ","United States       ",-5,0.01
9,AAAAAAAAAAAFAAAA,2015-03-13,2017-06-30,2458300,"ation                                             ",251,5005000,"8AM-10PM            ","Manager 5-2                             ",6,"Unknown                                                                                             ","Market of store 5                                                                                   ","Market manager 2                        ",1,"Unknown                                           ",1,"Unknown                                           ","105       ","Main                                                        ","Street         ","Suite 100 ","Oak Grove                                                   ","Walker County                 ","AL","38370     ","United States       ",-5,0.01
10,AAAAAAAAAAAGAAAA,2013-03-13,,,"ation                                             ",260,5006000,"8AM-10PM            ","Manager 6-1                             ",7,"Unknown                                                                                             ","Market of store 6                                                                                   ","Market manager 3                        ",1,"Unknown                                           ",1,"Unknown                                           ","106       ","Main                                                        ","Street         ","Suite 100 ","Midway                                                      ","Williamson County             ","TN","31904     ","United States       ",-5,0.02
11,AAAAAAAAAAAHAAAA,2013-03-13,2016-03-12,,"eing                                              ",270,5007000,"8AM-10PM            ","Manager 7-1                             ",8,"Unknown                                                                                             ","Market of store 7                                                                                   ","Market manager 4                        ",1,"Unknown                                           ",1,"Unknown                                           ","107       ","Main                                                        ","Street         ","Suite 100 ","Fairview                                                    ","Ziebach County                ","SD","35709     ","United States       ",-5,0.02
12,AAAAAAAAAAAHAAAA,2016-03-13,2016-03-13,,"bar                                               ",271,5007000,"8AM-10PM            ","Manager 7-2                             ",8,"Unknown                                                                                             ","Market of store 7                                                                                   ","Market manager 4                        ",1,"Unknown                                           ",1,"Unknown                                           ","107       ","Main                                                        ","Street         ","Suite 100 ","Fairview                                                    ","Ziebach County                ","SD","35709     ","United States       ",-5,0.02
13,AAAAAAAAAAAHAAAA,2016-03-13,,,"n st                                              ",272,5007000,"8AM-10PM            ","Manager 7-3                             ",8,"Unknown                                                                                             ","Market of store 7                                                                                   ","Market manager 4                        ",1,"Unknown                                           ",1,"Unknown                                           ","107       ","Main                                                        ","Street         ","Suite 100 ","Fairview                                                    ","Ziebach County                ","SD","35709     ","United States       ",-5,0.02
14,AAAAAAAAAAAIAAAA,2013-03-13,2017-03-12,,"bar                                               ",280,5008000,"8AM-10PM            ","Manager 8-1                             ",9,"Unknown                                                                                             ","Market of store 8                                                                                   ","Market manager 1                        ",1,"Unknown                                           ",1,"Unknown                                           ","108       ","Main                                                        ","Street         ","Suite 100 ","Oak Grove                                                   ","Walker County                 ","AL","38370     ","United States       ",-5,0.02
15,AAAAAAAAAAAIAAAA,2017-03-13,,,"n st                                              ",281,5008000,"8AM-10PM            ","Manager 8-2                             ",9,"Unknown                                                                                             ","Market of store 8                                                                                   ","Market manager 1                        ",1,"Unknown                                           ",1,"Unknown                                           ","108       ","Main                                                        ","Street         ","Suite 100 ","Oak Grove                                                   ","Walker County                 ","AL","38370     ","United States       ",-5,0.02
16,AAAAAAAAAAAJAAAA,2013-03-13,,,"n st                                              ",290,5009000,"8AM-10PM            ","Manager 9-1                             ",10,"Unknown                                                                                             ","Market of store 9                                                                                   ","Market manager 2                        ",1,"Unknown                                           ",1,"Unknown                                           ","109       ","Main                                                        ","Street         ","Suite 100 ","Midway                                                      ","Williamson County             ","TN","31904     ","United States       ",-5,0.02
17,AAAAAAAAAABAAAAA,2013-03-13,2014-09-30,,"ought                                             ",300,5010000,"8AM-10PM            ","Manager 10-1                            ",1,"Unknown                                                                                             ","Market of store 10                                                                                  ","Market manager 3                        ",1,"Unknown                                           ",1,"Unknown                                           ","110       ","Main                                                        ","Street         ","Suite 100 ","Fairview                                                    ","Ziebach County                ","SD","35709     ","United States       ",-5,0.02
18,AAAAAAAAAABAAAAA,2014-10-01,,,"able                                              ",301,5010000,"8AM-10PM            ","Manager 10-2                            ",1,"Unknown                                                                                             ","Market of store 10                                                                                  ","Market manager 3                        ",1,"Unknown                                           ",1,"Unknown                                           ","110       ","Main                                                        ","Street         ","Suite 100 ","Fairview                                                    ","Ziebach County                ","SD","35709     ","United States       ",-5,0.02
19,AAAAAAAAAABBAAAA,2013-03-13,,,"able                                              ",310,5011000,"8AM-10PM            ","Manager 11-1                            ",2,"Unknown                                                                                             ","Market of store 11                                                                                  ","Market manager 4                        ",1,"Unknown                                           ",1,"Unknown                                           ","111       ","Main                                                        ","Street         ","Suite 100 ","Oak Grove                                                   ","Walker County                 ","AL","38370     ","United States       ",-5,0.02
20,AAAAAAAAAABCAAAA,2013-03-13,2016-03-12,,"pri                                               ",320,5012000,"8AM-10PM            ","Manager 12-1                            ",3,"Unknown                                                                                             ","Market of store 12                                                                                  ","Market manager 1                        ",1,"Unknown                                           ",1,"Unknown                                           ","112       ","Main                                                        ","Street         ","Suite 100 ","Midway                                                      ","Williamson County             ","TN","31904     ","United States       ",-5,0.02
21,AAAAAAAAAABCAAAA,2016-03-13,,,"ese                                               ",321,5012000,"8AM-10PM            ","Manager 12-2                            ",3,"Unknown                                                                                             ","Market of store 12                                                                                  ","Market manager 1                        ",1,"Unknown                                           ",1,"Unknown                                           ","112       ","Main                                                        ","Street         ","Suite 100 ","Midway                                                      ","Williamson County             ","TN","31904     ","United States       ",-5,0.02
